Nom;Prenom;OU
Urania;Teddie;Support
Ephrem;Heida;Support
Felizio;Emilia;Support
Montgomery;Zondra;Support
Stav;Kalina;Support
Zrike;Carlie;Production
Mendez;Heddie;Production
Kare;Stevana;Production
Juan;Deedee;Production
Aida;Kamilah;Production
Nore;Linzy;Developpement
Uund;Sandie;Developpement
Evvie;Paule;Developpement
Denis;Catrina;Developpement
Elvyn;Chrystel;Developpement
Sabella;Tressa;Developpement
Madaih;Clarice;Developpement
Jorgan;Violet;Developpement
Vharat;Ilse;Developpement
Ajay;Frank;Developpement
